Name,Slug,Collection ID,Locale ID,Item ID,Archived,Draft,Created On,Updated On,Published On,Main Category,Experience (Years),Languages,Availability,Summary,Tagline,Thumbnail Description,VA Image,Profile Slug,Specialization,Video,DISC Description,English Description,Main Categories
AC,ac,691b82a97542c69f3f77fa76,66fd75f52a0ded63ad5ec1d9,691cc052138d8a985cc7c691,false,false,Tue Nov 18 2025 18:52:02 GMT+0000 (Coordinated Universal Time),Thu Dec 04 2025 20:22:34 GMT+0000 (Coordinated Universal Time),Thu Dec 04 2025 21:27:40 GMT+0000 (Coordinated Universal Time),Mortgage Specialist,3 years,English,Assigned,,,,https://cdn.prod.website-files.com/66fd75f52a0ded63ad5ec1db/691cfe3ec922508622e67e4b_AC.webp,/ac-ocean-va-profile,mortgage-operations; loan-underwriting; compliance,https://youtu.be/mfyGOi9mo58,,,mortgage-specialist
Abigail,abigail,691b82a97542c69f3f77fa76,66fd75f52a0ded63ad5ec1d9,691b8a02cd945b1d36071152,false,false,Mon Nov 17 2025 20:48:02 GMT+0000 (Coordinated Universal Time),Tue Nov 25 2025 20:14:05 GMT+0000 (Coordinated Universal Time),Tue Nov 25 2025 20:22:28 GMT+0000 (Coordinated Universal Time),Insurance Virtual Assistant,3 years,English,Full Time,,,,https://cdn.prod.website-files.com/66fd75f52a0ded63ad5ec1db/691d00bc95e79d5e69274efb_Abigail.webp,/abigail-ocean-va-profile,health-insurance,https://youtu.be/z3hiwu0mPc8,,,executive-virtual-assistant; insurance-virtual-assistant
Adrian,adrian,691b82a97542c69f3f77fa76,66fd75f52a0ded63ad5ec1d9,691b89fef0e2ab9fb3ed20b4,false,false,Mon Nov 17 2025 20:47:58 GMT+0000 (Coordinated Universal Time),Thu Nov 20 2025 19:10:17 GMT+0000 (Coordinated Universal Time),Thu Nov 20 2025 19:19:55 GMT+0000 (Coordinated Universal Time),Insurance Virtual Assistant,2 years,Bilingual (EN-ES),Full Time,,,,https://cdn.prod.website-files.com/66fd75f52a0ded63ad5ec1db/691d010c91515efa919acff0_Adrian.webp,/adrian-ocean-va-profile,auto; home; life-insurance,https://youtu.be/k5OatPLSORw,,,insurance-virtual-assistant
Albert,albert,691b82a97542c69f3f77fa76,66fd75f52a0ded63ad5ec1d9,6920ae7e0f07fb7c7a79a9f5,false,false,Fri Nov 21 2025 18:25:02 GMT+0000 (Coordinated Universal Time),Tue Nov 25 2025 20:41:48 GMT+0000 (Coordinated Universal Time),Tue Nov 25 2025 20:48:29 GMT+0000 (Coordinated Universal Time),Insurance Virtual Assistant,3 Years,English,Full Time,,,,https://cdn.prod.website-files.com/66fd75f52a0ded63ad5ec1db/6920ae3ecdd36ea3fce8129c_Albert.webp,albert-ocean-va-profile,personal-lines; commercial-lines; ezlynx-expert,https://youtu.be/4sfqBgJ6h3w,,,insurance-virtual-assistant
Alejandro,alejandro,691b82a97542c69f3f77fa76,66fd75f52a0ded63ad5ec1d9,691b89ff35de2e0351765716,false,false,Mon Nov 17 2025 20:47:59 GMT+0000 (Coordinated Universal Time),Thu Nov 20 2025 19:10:16 GMT+0000 (Coordinated Universal Time),Thu Nov 20 2025 19:19:55 GMT+0000 (Coordinated Universal Time),Insurance Virtual Assistant,2.5 years,Bilingual (EN-ES),Full Time,,,,https://cdn.prod.website-files.com/66fd75f52a0ded63ad5ec1db/691d0100caf3ca20f3f159be_Alejandro.webp,/alejandro-ocean-va-profile,auto; home; life; commercial-insurance,https://youtu.be/a_cRiGRSLEs,,,insurance-virtual-assistant
Alyssa,alyssa,691b82a97542c69f3f77fa76,66fd75f52a0ded63ad5ec1d9,693b847fac184ce7c97aa43a,false,false,Fri Dec 12 2025 02:57:03 GMT+0000 (Coordinated Universal Time),Fri Dec 12 2025 03:10:26 GMT+0000 (Coordinated Universal Time),Fri Dec 12 2025 03:23:14 GMT+0000 (Coordinated Universal Time),Insurance Virtual Assistant,3 Years,English,Available,"Alyssa is an Insurance Specialist with 3+ years of experience supporting U.S. agencies in Personal Lines servicing across multiple states, including Texas, Ohio, Connecticut, and Florida. She handles end-to-end servicing tasks such as quoting, renewals, endorsements, mortgage changes, billing coordination, and high-volume COIs. Her background includes prior experience in health insurance and light Commercial Lines work, giving her a broad servicing foundation supported by strong technical proficiency in multiple insurance CRMs and carrier platforms.","Alyssa brings strong technical accuracy, multi-state Personal Lines experience, and the ability to manage high-volume servicing with consistency and professionalism—making her a reliable asset for agencies seeking an efficient and detail-oriented insurance VA.","3 yrs of Insurance Experience, Personal Lines, Auto & Home, Dwelling & Umbrella",https://cdn.prod.website-files.com/66fd75f52a0ded63ad5ec1db/693b87874b52b5053bf0cc92_Alyssa.webp,/alyssa-ocean-va-profile,personal-lines; personal; umbrella; us-personal,https://www.youtube.com/watch?v=kZAbAQbl2nQ,"Influence (I) - Charismatic and engaging, I-type VAs excel in client communication, networking, and keeping teams motivated.","Demonstrates exceptional clarity and fluency, speaking with natural pacing, precise pronunciation, and effortless coherence. Uses highly advanced vocabulary and masterful grammar control to express complex ideas with accuracy and sophistication.",insurance-virtual-assistant
Ana,ana,691b82a97542c69f3f77fa76,66fd75f52a0ded63ad5ec1d9,691b8a0c0569661eecba9e82,false,false,Mon Nov 17 2025 20:48:12 GMT+0000 (Coordinated Universal Time),Wed Nov 26 2025 17:03:31 GMT+0000 (Coordinated Universal Time),Wed Nov 26 2025 17:08:09 GMT+0000 (Coordinated Universal Time),"Executive Virtual Assistant, Insurance Virtual Assistant",4 Years,English,Assigned,,,,https://cdn.prod.website-files.com/66fd75f52a0ded63ad5ec1db/691cffbca07b481ffc0e81fb_Ana.webp,/ana-s-ocean-va-profile,executive-assistant; real-estate,https://youtu.be/XloA9MBGtGA,,,insurance-virtual-assistant; executive-virtual-assistant
Ana Gabriela,ana-gabriela,691b82a97542c69f3f77fa76,66fd75f52a0ded63ad5ec1d9,69260ee6ee2acb0b0bca0e67,false,false,Tue Nov 25 2025 20:17:42 GMT+0000 (Coordinated Universal Time),Tue Nov 25 2025 20:21:24 GMT+0000 (Coordinated Universal Time),Tue Nov 25 2025 20:22:28 GMT+0000 (Coordinated Universal Time),Executive Virtual Assistant,3 years,Bilingual (EN-ES),Full Time,,,,https://cdn.prod.website-files.com/66fd75f52a0ded63ad5ec1db/69260ee6ee2acb0b0bca0e4f_6925e3ff186bd6ac7f13c8e4_Ana%2520Gabriela.webp,/ana-gabriela-ocean-va-profile,compliance,https://youtu.be/npu-s5q1i3g,,,executive-virtual-assistant
Ana Victoria,ana-victoria,691b82a97542c69f3f77fa76,66fd75f52a0ded63ad5ec1d9,691b8a0d1cb39e610863582d,false,false,Mon Nov 17 2025 20:48:13 GMT+0000 (Coordinated Universal Time),Mon Nov 24 2025 14:48:15 GMT+0000 (Coordinated Universal Time),Mon Nov 24 2025 16:59:25 GMT+0000 (Coordinated Universal Time),Insurance Virtual Assistant,1 year,English,Assigned,,,,https://cdn.prod.website-files.com/66fd75f52a0ded63ad5ec1db/691cffb37a8446ed2bdd8f54_Ana%20Victoria.webp,/ana-victoria-ocean-va-profile,commercial-line-insurance,https://youtu.be/1d4dWgjd0fE,,,insurance-virtual-assistant
Anahi,anahi,691b82a97542c69f3f77fa76,66fd75f52a0ded63ad5ec1d9,691cc050fafd92a39e726909,false,false,Tue Nov 18 2025 18:52:00 GMT+0000 (Coordinated Universal Time),Thu Nov 20 2025 19:09:28 GMT+0000 (Coordinated Universal Time),Thu Nov 20 2025 19:19:55 GMT+0000 (Coordinated Universal Time),Insurance Virtual Assistant,4 years,Bilingual (EN-ES),Full Time,,,,https://cdn.prod.website-files.com/66fd75f52a0ded63ad5ec1db/691cfe6974b2a69669e05322_Anahi.webp,/anahi-ocean-va-profile,homeowners-insurance,,,,insurance-virtual-assistant
Angel,angel,691b82a97542c69f3f77fa76,66fd75f52a0ded63ad5ec1d9,69260eeb002e11654a362d68,false,false,Tue Nov 25 2025 20:17:47 GMT+0000 (Coordinated Universal Time),Tue Nov 25 2025 20:21:24 GMT+0000 (Coordinated Universal Time),Tue Nov 25 2025 20:22:28 GMT+0000 (Coordinated Universal Time),Executive Virtual Assistant,4 years,Bilingual (EN-ES),Full Time,,,,https://cdn.prod.website-files.com/66fd75f52a0ded63ad5ec1db/69260eeb002e11654a362d62_6925e3ffa602e6816d33c4e9_Angel.webp,/angel-ocean-va-profile,amazon; shopify; wordpress; mailchimp; semrush,https://youtu.be/Owvvup1s1YM,,,executive-virtual-assistant
Antonio,antonio,691b82a97542c69f3f77fa76,66fd75f52a0ded63ad5ec1d9,691b8a030ed00c53499d1879,false,false,Mon Nov 17 2025 20:48:03 GMT+0000 (Coordinated Universal Time),Thu Nov 20 2025 19:10:09 GMT+0000 (Coordinated Universal Time),Thu Nov 20 2025 19:19:55 GMT+0000 (Coordinated Universal Time),Insurance Virtual Assistant,3 years,English,Full Time,,,,https://cdn.prod.website-files.com/66fd75f52a0ded63ad5ec1db/691d00b3b31926da8df79435_Antonio.webp,/antonio-ocean-va-profile,auto; home-insurance,https://youtu.be/3b3R9YoLumE,,,insurance-virtual-assistant
Balbina,balbina,691b82a97542c69f3f77fa76,66fd75f52a0ded63ad5ec1d9,691b8a0d89b222b6b472933c,false,false,Mon Nov 17 2025 20:48:13 GMT+0000 (Coordinated Universal Time),Wed Nov 26 2025 17:04:07 GMT+0000 (Coordinated Universal Time),Wed Nov 26 2025 17:08:09 GMT+0000 (Coordinated Universal Time),"Executive Virtual Assistant, Insurance Virtual Assistant",4 Years,English,Assigned,,,,https://cdn.prod.website-files.com/66fd75f52a0ded63ad5ec1db/691cffa59017228f265d156e_Balbina.webp,/balbina-ocean-va-profile,executive-assistant,https://youtu.be/sESom3C4Tjk,,,insurance-virtual-assistant; executive-virtual-assistant
Brandon L.,brandon,691b82a97542c69f3f77fa76,66fd75f52a0ded63ad5ec1d9,691b8a0df83ddf1a08c15961,false,false,Mon Nov 17 2025 20:48:13 GMT+0000 (Coordinated Universal Time),Tue Nov 25 2025 21:03:14 GMT+0000 (Coordinated Universal Time),Wed Nov 26 2025 15:34:11 GMT+0000 (Coordinated Universal Time),Real State Assistant,2 years,English,Part Time,,,,https://cdn.prod.website-files.com/66fd75f52a0ded63ad5ec1db/691cff9acc8058348f30ae01_Brandon%20L.webp,/brandon-l-ocean-va-profile,executive-assistant; real-estate,https://youtu.be/PVmxKa19Mz0,,,executive-virtual-assistant
Branko,branko,691b82a97542c69f3f77fa76,66fd75f52a0ded63ad5ec1d9,69260ef2ee2acb0b0bca149c,false,false,Tue Nov 25 2025 20:17:54 GMT+0000 (Coordinated Universal Time),Tue Dec 09 2025 21:36:06 GMT+0000 (Coordinated Universal Time),Wed Dec 10 2025 18:33:05 GMT+0000 (Coordinated Universal Time),Executive Virtual Assistant,5 years,Bilingual (EN-ES),Assigned,,,,https://cdn.prod.website-files.com/66fd75f52a0ded63ad5ec1db/69260ef2ee2acb0b0bca1479_6925e400d6f14fd3a4b9a65a_Branko.webp,/branko-ocean-va-profile,property-lines,https://youtu.be/nGI5xLNM,,,executive-virtual-assistant
Carolina,carolina,691b82a97542c69f3f77fa76,66fd75f52a0ded63ad5ec1d9,691b8a0e3297968c5ed594b7,false,false,Mon Nov 17 2025 20:48:14 GMT+0000 (Coordinated Universal Time),Mon Nov 24 2025 14:47:34 GMT+0000 (Coordinated Universal Time),Mon Nov 24 2025 16:59:25 GMT+0000 (Coordinated Universal Time),Insurance Virtual Assistant,Trained insurance,English,Assigned,,,,https://cdn.prod.website-files.com/66fd75f52a0ded63ad5ec1db/691cff8f3fac1a7af7e9aeae_Carolina.webp,/carolina-ocean-va-profile,auto; home-insurance,https://youtu.be/_3cmkdxncdg,,,insurance-virtual-assistant
Cherry Mae,cherry,691b82a97542c69f3f77fa76,66fd75f52a0ded63ad5ec1d9,691b8a036363a512c63aa36e,false,false,Mon Nov 17 2025 20:48:03 GMT+0000 (Coordinated Universal Time),Mon Nov 24 2025 14:45:32 GMT+0000 (Coordinated Universal Time),Mon Nov 24 2025 16:59:25 GMT+0000 (Coordinated Universal Time),Insurance Virtual Assistant,1 year,English,Full Time,,,,https://cdn.prod.website-files.com/66fd75f52a0ded63ad5ec1db/691d00aa0e1bf0f4af566406_Cherry%20Mae.webp,/cherry-mae-ocean-va-profile,personal-lines-insurance,https://youtu.be/DIfncidHCpY,,,insurance-virtual-assistant
Christine,christine,691b82a97542c69f3f77fa76,66fd75f52a0ded63ad5ec1d9,691b8a0e3297968c5ed594df,false,false,Mon Nov 17 2025 20:48:14 GMT+0000 (Coordinated Universal Time),Mon Nov 24 2025 14:47:22 GMT+0000 (Coordinated Universal Time),Mon Nov 24 2025 16:59:25 GMT+0000 (Coordinated Universal Time),Insurance Virtual Assistant,1 year,English,Assigned,,,,https://cdn.prod.website-files.com/66fd75f52a0ded63ad5ec1db/691cff83f58ea1f5f104c904_Christine.webp,/christine-ocean-va-profile,personal; commercial-lines,https://youtu.be/m0n5unGQ1Bk,,,insurance-virtual-assistant
Dafne,dafne,691b82a97542c69f3f77fa76,66fd75f52a0ded63ad5ec1d9,691b89fff0e2ab9fb3ed20f1,false,false,Mon Nov 17 2025 20:47:59 GMT+0000 (Coordinated Universal Time),Mon Nov 24 2025 14:45:56 GMT+0000 (Coordinated Universal Time),Mon Nov 24 2025 16:59:25 GMT+0000 (Coordinated Universal Time),Insurance Virtual Assistant,1 year,Bilingual (EN-ES),Full Time,,,,https://cdn.prod.website-files.com/66fd75f52a0ded63ad5ec1db/691d00f3fc9c654e7ce9dce6_Dafne.webp,/dafne-ocean-va-profile,home; auto-insurance,https://youtu.be/habJY_0mpjs,,,insurance-virtual-assistant
Dawn,dawn,691b82a97542c69f3f77fa76,66fd75f52a0ded63ad5ec1d9,691b8a0f3f849707c90873a1,false,false,Mon Nov 17 2025 20:48:15 GMT+0000 (Coordinated Universal Time),Thu Nov 20 2025 19:09:44 GMT+0000 (Coordinated Universal Time),Thu Nov 20 2025 19:19:55 GMT+0000 (Coordinated Universal Time),Insurance Virtual Assistant,7 years,English,Assigned,,,,https://cdn.prod.website-files.com/66fd75f52a0ded63ad5ec1db/691cff794d3997c097e68abb_Dawn.webp,/dawn-ocean-va-profile,auto; home-insurance,https://youtu.be/fMWR-UrNXAg,,,insurance-virtual-assistant
Dayana,dayana,691b82a97542c69f3f77fa76,66fd75f52a0ded63ad5ec1d9,691b8a0fe352cae9bc806982,false,false,Mon Nov 17 2025 20:48:15 GMT+0000 (Coordinated Universal Time),Mon Nov 24 2025 14:42:16 GMT+0000 (Coordinated Universal Time),Mon Nov 24 2025 16:59:25 GMT+0000 (Coordinated Universal Time),Insurance Virtual Assistant,1 year,English,Full Time,,,,https://cdn.prod.website-files.com/66fd75f52a0ded63ad5ec1db/691cff701d2560bd740c2ef5_Dayana.webp,/dayana-ocean-va-profile,auto; health-insurance,https://youtu.be/1xTnx_3MRPA,,,insurance-virtual-assistant
Ella Dimaano,ella-dimaano,691b82a97542c69f3f77fa76,66fd75f52a0ded63ad5ec1d9,693a02617a81734d363c385e,false,false,Wed Dec 10 2025 23:29:37 GMT+0000 (Coordinated Universal Time),Wed Dec 10 2025 23:32:30 GMT+0000 (Coordinated Universal Time),Wed Dec 10 2025 23:46:32 GMT+0000 (Coordinated Universal Time),Insurance Virtual Assistant,6 years,English,Full Time,"<p>Ella is an insurance support specialist with six years of combined experience across U.S. personal and commercial lines. She brings strong expertise in quoting, renewals, endorsements, billing, COI issuance, underwriting coordination, and multi-state servicing. Her background includes high-volume support for auto, home, commercial property, commercial auto, workers' compensation, and employee liability.</p>","Ella delivers reliable, detail-driven insurance support across the full policy lifecycle, from quoting and intake to renewals, endorsements, and carrier coordination. Her multi-carrier experience and accuracy under pressure allow her to manage complex servicing with consistency and minimal supervision.","6 years insurance experience, Personal & Commercial Lines",https://cdn.prod.website-files.com/66fd75f52a0ded63ad5ec1db/693a030416b391aa09f8cee2_Ella%20Dimano.webp,/ella-dimaano-ocean-va-profile,personal-lines; commercial-lines,https://youtu.be/t7jf15Vh1fQ,,,insurance-virtual-assistant
Ellen,ellen,691b82a97542c69f3f77fa76,66fd75f52a0ded63ad5ec1d9,691b8a0f1cb39e61086359cf,false,false,Mon Nov 17 2025 20:48:15 GMT+0000 (Coordinated Universal Time),Wed Nov 26 2025 17:05:05 GMT+0000 (Coordinated Universal Time),Wed Nov 26 2025 17:08:09 GMT+0000 (Coordinated Universal Time),Insurance Virtual Assistant,4 years,English,Assigned,,,,https://cdn.prod.website-files.com/66fd75f52a0ded63ad5ec1db/691cff6647cbd48ba6ec3124_Ellen.webp,/ellen-rose-ocean-va-profile,home; health-insurance,https://youtu.be/zgEzkCfI3Pw,,,insurance-virtual-assistant
Emmanuel,emmanuel,691b82a97542c69f3f77fa76,66fd75f52a0ded63ad5ec1d9,691b8a043297968c5ed58e6d,false,false,Mon Nov 17 2025 20:48:04 GMT+0000 (Coordinated Universal Time),Thu Nov 20 2025 19:10:05 GMT+0000 (Coordinated Universal Time),Thu Nov 20 2025 19:19:55 GMT+0000 (Coordinated Universal Time),Insurance Virtual Assistant,6 years,English,Full Time,,,,https://cdn.prod.website-files.com/66fd75f52a0ded63ad5ec1db/691d009fecf80a53a183833d_Emmanuel.webp,/emmanuel-ocean-va-profile,personal; commercial-lines,https://youtu.be/dZaAfgmaQwk,,,insurance-virtual-assistant
Fabiola,fabiola,691b82a97542c69f3f77fa76,66fd75f52a0ded63ad5ec1d9,69260efcb9b195d9afea3620,false,false,Tue Nov 25 2025 20:18:04 GMT+0000 (Coordinated Universal Time),Tue Nov 25 2025 20:21:24 GMT+0000 (Coordinated Universal Time),Tue Nov 25 2025 20:22:28 GMT+0000 (Coordinated Universal Time),Executive Virtual Assistant,3 years,Bilingual (EN-ES),Full Time,,,,https://cdn.prod.website-files.com/66fd75f52a0ded63ad5ec1db/69260efcb9b195d9afea3617_6925e400ad068a182e9c76b6_Fabiola.webp,/fabiola-ocean-va-profile,wordpress; salesforce; asana; semrush,https://youtu.be/3ZajTF8-OrM,,,executive-virtual-assistant
Fernanda,fernanda,691b82a97542c69f3f77fa76,66fd75f52a0ded63ad5ec1d9,691b8a0f0ed00c53499d1c3e,false,false,Mon Nov 17 2025 20:48:15 GMT+0000 (Coordinated Universal Time),Wed Nov 26 2025 17:05:44 GMT+0000 (Coordinated Universal Time),Wed Nov 26 2025 17:08:09 GMT+0000 (Coordinated Universal Time),"Insurance Virtual Assistant, Marketing Virtual Assistant",10 Years,English,Assigned,,,,https://cdn.prod.website-files.com/66fd75f52a0ded63ad5ec1db/691cff5c5b3490e9868f787e_Fernanda.webp,/fernanda-ocean-va-profile,executive-assistant; key-account-management; marketing,https://youtu.be/7ngbNodl3es,,,insurance-virtual-assistant; executive-virtual-assistant
Francis,francis,691b82a97542c69f3f77fa76,66fd75f52a0ded63ad5ec1d9,691b8a04cb665bff98ab9f04,false,false,Mon Nov 17 2025 20:48:04 GMT+0000 (Coordinated Universal Time),Thu Nov 20 2025 19:10:04 GMT+0000 (Coordinated Universal Time),Thu Nov 20 2025 19:19:55 GMT+0000 (Coordinated Universal Time),Insurance Virtual Assistant,6 years,English,Full Time,,,,https://cdn.prod.website-files.com/66fd75f52a0ded63ad5ec1db/691d0095aa5d5113504a1ab2_Francis.webp,/francis-ocean-va-profile,auto; home; health; life-insurance,https://youtu.be/Atdu3qVBHLs,,,insurance-virtual-assistant
Gabriela Rodriguez,gabriela-rodriguez,691b82a97542c69f3f77fa76,66fd75f52a0ded63ad5ec1d9,6939e96a27f942887b189f5a,false,false,Wed Dec 10 2025 21:43:06 GMT+0000 (Coordinated Universal Time),Wed Dec 10 2025 23:07:44 GMT+0000 (Coordinated Universal Time),Wed Dec 10 2025 23:13:54 GMT+0000 (Coordinated Universal Time),Insurance Virtual Assistant,3 years,Bilingual (EN-ES),Full Time,"<p>Gabriela is an insurance professional with 3 years of U.S. personal-lines experience, specializing in renewals, quoting, endorsements, billing support, and client communication. She has handled full-cycle servicing for auto and home policies, including P&C coverage explanations, premium reviews, re-marketing, policy changes, cancellations, and carrier follow-ups. Gabriela also supports underwriting tasks by gathering documentation, verifying risk details, updating systems, and assisting with new business processing under a licensed agent.</p>","Gabriela brings a strong service mindset, exceptional attention to detail, and extensive experience supporting U.S. agencies with high-volume personal lines operations. She is an excellent option for teams needing a reliable, client-focused insurance VA.","3 years of Insurance Experience, Personal Lines, Home and Auto Insurance",https://cdn.prod.website-files.com/66fd75f52a0ded63ad5ec1db/6939fd05ba7aa8a50563b91b_Gabriela%20Rodriguez.webp,/gabriela-rodriguez-ocean-va-profile,personal-lines; home; auto,https://youtu.be/fI_suKDX1AI,,,insurance-virtual-assistant
Gael,gael,691b82a97542c69f3f77fa76,66fd75f52a0ded63ad5ec1d9,69260f04e1beb3abb6b326c5,false,false,Tue Nov 25 2025 20:18:12 GMT+0000 (Coordinated Universal Time),Tue Nov 25 2025 20:21:24 GMT+0000 (Coordinated Universal Time),Tue Nov 25 2025 20:22:28 GMT+0000 (Coordinated Universal Time),Executive Virtual Assistant,4 years,Bilingual (EN-ES),Full Time,,,,https://cdn.prod.website-files.com/66fd75f52a0ded63ad5ec1db/69260f04e1beb3abb6b326ba_6925e400ba887b4427c6e98b_Gael.webp,/gael-ocean-va-profile,wordpress; amazon,https://youtu.be/ve0Wkpkpuh0,,,executive-virtual-assistant
Geraldine,geraldine,691b82a97542c69f3f77fa76,66fd75f52a0ded63ad5ec1d9,691b8a043297968c5ed58f4e,false,false,Mon Nov 17 2025 20:48:04 GMT+0000 (Coordinated Universal Time),Tue Dec 09 2025 15:35:46 GMT+0000 (Coordinated Universal Time),Tue Dec 09 2025 15:47:02 GMT+0000 (Coordinated Universal Time),Insurance Virtual Assistant,3 years,English,Assigned,,,,https://cdn.prod.website-files.com/66fd75f52a0ded63ad5ec1db/691d008b113b8ce73da48997_Geraldine.webp,/geraldine-ocean-va-profile,auto; home; commercial-lines-insurance,https://youtu.be/OAEGigybmFM,,,insurance-virtual-assistant
Gizelle,gizelle,691b82a97542c69f3f77fa76,66fd75f52a0ded63ad5ec1d9,691b8a0a0ed00c53499d1af9,false,false,Mon Nov 17 2025 20:48:10 GMT+0000 (Coordinated Universal Time),Thu Nov 20 2025 19:09:51 GMT+0000 (Coordinated Universal Time),Thu Nov 20 2025 19:19:55 GMT+0000 (Coordinated Universal Time),Insurance Virtual Assistant,8 years,English,Part Time,,,,https://cdn.prod.website-files.com/66fd75f52a0ded63ad5ec1db/691cffef47270485ee84d76f_Gizelle.webp,/gizelle-ocean-va-profile,health-insurance,https://youtu.be/xkbMKgYarbk,,,insurance-virtual-assistant
Gonzalo,gonzalo,691b82a97542c69f3f77fa76,66fd75f52a0ded63ad5ec1d9,691b8a102c4d3609e83d348c,false,false,Mon Nov 17 2025 20:48:16 GMT+0000 (Coordinated Universal Time),Thu Nov 20 2025 19:09:40 GMT+0000 (Coordinated Universal Time),Thu Nov 20 2025 19:19:55 GMT+0000 (Coordinated Universal Time),Insurance Virtual Assistant,3 years,English,Assigned,,,,https://cdn.prod.website-files.com/66fd75f52a0ded63ad5ec1db/691cff4b362a40979b718c8e_Gonzalo.webp,/gonzalo-ocean-va-profile,auto; home; health-insurance,https://youtu.be/DYky1VhKGNQ,,,insurance-virtual-assistant
Grace,grace,691b82a97542c69f3f77fa76,66fd75f52a0ded63ad5ec1d9,691cc051fafd92a39e7269c5,false,false,Tue Nov 18 2025 18:52:01 GMT+0000 (Coordinated Universal Time),Tue Dec 09 2025 15:36:05 GMT+0000 (Coordinated Universal Time),Tue Dec 09 2025 15:47:02 GMT+0000 (Coordinated Universal Time),Insurance Virtual Assistant,3 years,English,Assigned,,,,https://cdn.prod.website-files.com/66fd75f52a0ded63ad5ec1db/691cfe4ea0d726688008c1a3_Grace.webp,/grace-carmel-ocean-va-profile,home-insurance; auto-insurance; renters-insurance,https://youtu.be/J08tAud6nTQ,,,insurance-virtual-assistant
Guillermo,guillermo,691b82a97542c69f3f77fa76,66fd75f52a0ded63ad5ec1d9,691b8a10cb665bff98aba584,false,false,Mon Nov 17 2025 20:48:16 GMT+0000 (Coordinated Universal Time),Thu Nov 20 2025 19:09:40 GMT+0000 (Coordinated Universal Time),Thu Nov 20 2025 19:19:55 GMT+0000 (Coordinated Universal Time),Insurance Virtual Assistant,6 years,English,Assigned,,,,https://cdn.prod.website-files.com/66fd75f52a0ded63ad5ec1db/691cff40362a40979b718968_Guillermo.webp,/guillermo-ocean-va-profile,auto; home; renters; condo; umbrella; earthquake; watercraft,https://youtu.be/sLtVFyK2b7s,,,insurance-virtual-assistant
Hugo,hugo,691b82a97542c69f3f77fa76,66fd75f52a0ded63ad5ec1d9,69260f068d75af2b77e22842,false,false,Tue Nov 25 2025 20:18:14 GMT+0000 (Coordinated Universal Time),Tue Nov 25 2025 20:21:24 GMT+0000 (Coordinated Universal Time),Tue Nov 25 2025 20:22:28 GMT+0000 (Coordinated Universal Time),Executive Virtual Assistant,3 years,Bilingual (EN-ES),Full Time,,,,https://cdn.prod.website-files.com/66fd75f52a0ded63ad5ec1db/69260f068d75af2b77e2283b_6925e400df2c7f8d1fd11413_Hugo.webp,/hugo-ocean-va-profile,amazon; wordpress; seo; javascript,https://youtu.be/V_OCQi_k9tg,,,executive-virtual-assistant
Israel,israel,691b82a97542c69f3f77fa76,66fd75f52a0ded63ad5ec1d9,691b8a116363a512c63aad24,false,false,Mon Nov 17 2025 20:48:17 GMT+0000 (Coordinated Universal Time),Thu Nov 20 2025 19:09:39 GMT+0000 (Coordinated Universal Time),Thu Nov 20 2025 19:19:55 GMT+0000 (Coordinated Universal Time),Insurance Virtual Assistant,2 years,English,Assigned,,,,https://cdn.prod.website-files.com/66fd75f52a0ded63ad5ec1db/691cff3240a12f5b00de66de_Israel.webp,/israel-ocean-va-profile,health; life-insurance,https://youtu.be/aSLhEc15mN4,,,insurance-virtual-assistant
Ivan,ivan,691b82a97542c69f3f77fa76,66fd75f52a0ded63ad5ec1d9,691b8a00f0e2ab9fb3ed2103,false,false,Mon Nov 17 2025 20:48:00 GMT+0000 (Coordinated Universal Time),Thu Nov 20 2025 19:10:14 GMT+0000 (Coordinated Universal Time),Thu Nov 20 2025 19:19:55 GMT+0000 (Coordinated Universal Time),Insurance Virtual Assistant,2 years,Bilingual (EN-ES),Full Time,,,,https://cdn.prod.website-files.com/66fd75f52a0ded63ad5ec1db/691d00eacaf3ca20f3f155ac_Ivan.webp,/ivan-ocean-va-profile,auto; health-insurance,https://youtu.be/dHojsDPmfHc,,,insurance-virtual-assistant
Jane,jane,691b82a97542c69f3f77fa76,66fd75f52a0ded63ad5ec1d9,69260f414c763b460bbb28af,false,false,Tue Nov 25 2025 20:19:13 GMT+0000 (Coordinated Universal Time),Tue Nov 25 2025 20:21:24 GMT+0000 (Coordinated Universal Time),Tue Nov 25 2025 20:22:28 GMT+0000 (Coordinated Universal Time),Executive Virtual Assistant,5 years,English,Full Time,,,,https://cdn.prod.website-files.com/66fd75f52a0ded63ad5ec1db/69260f404c763b460bbb2885_6925e400d36c1986e40d6de6_Jane.webp,/jane-ocean-va-profile,wordpress; wix; amazon; figma,https://youtu.be/h9_pwiuwUFU,,,executive-virtual-assistant
Janet,janet,691b82a97542c69f3f77fa76,66fd75f52a0ded63ad5ec1d9,6920a189e4ac04c59eed6dd8,false,false,Fri Nov 21 2025 17:29:45 GMT+0000 (Coordinated Universal Time),Fri Nov 21 2025 18:57:30 GMT+0000 (Coordinated Universal Time),Fri Nov 21 2025 19:30:08 GMT+0000 (Coordinated Universal Time),Mortgage Specialist,2 Years,English,Full Time,,,,https://cdn.prod.website-files.com/66fd75f52a0ded63ad5ec1db/6920b616a5a1a4527a8544a3_Janet.webp,janet-ocean-va-profile,loan-processing; mortgage-processing; fraud-detection,https://www.youtube.com/watch?v=ifyF-owgkDw,,,mortgage-specialist
Janice,janice,691b82a97542c69f3f77fa76,66fd75f52a0ded63ad5ec1d9,691b8a116363a512c63aad54,false,false,Mon Nov 17 2025 20:48:17 GMT+0000 (Coordinated Universal Time),Tue Nov 25 2025 20:43:59 GMT+0000 (Coordinated Universal Time),Tue Nov 25 2025 20:48:29 GMT+0000 (Coordinated Universal Time),"Executive Virtual Assistant, Insurance Virtual Assistant",Trained Assistant,English,Assigned,,,,https://cdn.prod.website-files.com/66fd75f52a0ded63ad5ec1db/691cff26333a2214cc2eee14_Janice.webp,/janice-ocean-va-profile,executive-assistant,https://youtu.be/P8gcQHNJwsk,,,insurance-virtual-assistant; executive-virtual-assistant
Jasmine,jasmine,691b82a97542c69f3f77fa76,66fd75f52a0ded63ad5ec1d9,691b8a0bcd945b1d360713e6,false,false,Mon Nov 17 2025 20:48:11 GMT+0000 (Coordinated Universal Time),Wed Nov 26 2025 17:03:12 GMT+0000 (Coordinated Universal Time),Wed Nov 26 2025 17:08:09 GMT+0000 (Coordinated Universal Time),"Executive Virtual Assistant, Healthcare Virtual Assistant, Insurance Virtual Assistant",6 Years,English,Part Time,,,,https://cdn.prod.website-files.com/66fd75f52a0ded63ad5ec1db/691cffde142c4013f3773a65_Jasmine.webp,/jasmine-ocean-va-profile,executive-assistant,https://youtu.be/WhdFCM1GABs,,,insurance-virtual-assistant; executive-virtual-assistant
Javier,javier,691b82a97542c69f3f77fa76,66fd75f52a0ded63ad5ec1d9,691b8a051d8feff943c71247,false,false,Mon Nov 17 2025 20:48:05 GMT+0000 (Coordinated Universal Time),Wed Nov 26 2025 18:13:25 GMT+0000 (Coordinated Universal Time),Mon Dec 01 2025 14:41:58 GMT+0000 (Coordinated Universal Time),Insurance Virtual Assistant,3 years,English,Assigned,,,,https://cdn.prod.website-files.com/66fd75f52a0ded63ad5ec1db/691d007b1c538e0206f85182_Javier.webp,/javier-ocean-va-profile,auto-insurance,https://youtu.be/UCqesVIO_7M,,,insurance-virtual-assistant
Jay Alvin,jay,691b82a97542c69f3f77fa76,66fd75f52a0ded63ad5ec1d9,691b8a05f83ddf1a08c15210,false,false,Mon Nov 17 2025 20:48:05 GMT+0000 (Coordinated Universal Time),Thu Nov 20 2025 19:10:01 GMT+0000 (Coordinated Universal Time),Thu Nov 20 2025 19:19:55 GMT+0000 (Coordinated Universal Time),Insurance Virtual Assistant,5 years,English,Full Time,,,,https://cdn.prod.website-files.com/66fd75f52a0ded63ad5ec1db/691d0083d8dce9c47d5cbdab_Jay%20Alvin.webp,/jay-alvin-ocean-va-profile,personal; commercial-lines,https://youtu.be/GUe3uCkW8-4,,,insurance-virtual-assistant
Jerome,jerome,691b82a97542c69f3f77fa76,66fd75f52a0ded63ad5ec1d9,691b8a066363a512c63aa5e1,false,false,Mon Nov 17 2025 20:48:06 GMT+0000 (Coordinated Universal Time),Mon Nov 24 2025 14:45:10 GMT+0000 (Coordinated Universal Time),Mon Nov 24 2025 16:59:25 GMT+0000 (Coordinated Universal Time),Insurance Virtual Assistant,1 year,English,Full Time,,,,https://cdn.prod.website-files.com/66fd75f52a0ded63ad5ec1db/691d00730ddf675060f59499_Jerome.webp,/jerome-ocean-va-profile,home; auto-insurance,https://youtu.be/aomGUtRlOiE,,,insurance-virtual-assistant
Jill,jill,691b82a97542c69f3f77fa76,66fd75f52a0ded63ad5ec1d9,691b8a0be00a0398d8a56cbf,false,false,Mon Nov 17 2025 20:48:11 GMT+0000 (Coordinated Universal Time),Wed Nov 26 2025 17:06:20 GMT+0000 (Coordinated Universal Time),Wed Nov 26 2025 17:08:09 GMT+0000 (Coordinated Universal Time),"Executive Virtual Assistant, Insurance Virtual Assistant",2 Years,English,Part Time,,,,https://cdn.prod.website-files.com/66fd75f52a0ded63ad5ec1db/691cffd08ac4932a549ff849_Jill.webp,/jill-ocean-va-profile,executive-assistant,https://youtu.be/7yREE7oxSu0,,,insurance-virtual-assistant; executive-virtual-assistant
Jimmy,jimmy,691b82a97542c69f3f77fa76,66fd75f52a0ded63ad5ec1d9,691b8a066363a512c63aa61c,false,false,Mon Nov 17 2025 20:48:06 GMT+0000 (Coordinated Universal Time),Thu Nov 20 2025 19:09:59 GMT+0000 (Coordinated Universal Time),Thu Nov 20 2025 19:19:55 GMT+0000 (Coordinated Universal Time),Insurance Virtual Assistant,2 years,English,Full Time,,,,https://cdn.prod.website-files.com/66fd75f52a0ded63ad5ec1db/691d0068aab90013390d84fb_Jimmy.webp,/jimmy-ocean-va-profile,personal-lines-insurance,https://youtu.be/rKDnjVB-dxE,,,insurance-virtual-assistant
Joan Rose,joan-rose,691b82a97542c69f3f77fa76,66fd75f52a0ded63ad5ec1d9,69260f3b6a22d7149f58818e,false,false,Tue Nov 25 2025 20:19:07 GMT+0000 (Coordinated Universal Time),Tue Nov 25 2025 20:21:24 GMT+0000 (Coordinated Universal Time),Tue Nov 25 2025 20:22:28 GMT+0000 (Coordinated Universal Time),Executive Virtual Assistant,4 years,English,Full Time,,,,https://cdn.prod.website-files.com/66fd75f52a0ded63ad5ec1db/69260f3b6a22d7149f588188_6925e40023e3a0634335b7da_Joan%2520Rose.webp,/joan-rose-ocean-va-profile,executive-assistant; property-lines; commercial-line-insurance,https://youtu.be/cebExm1rt00,,,executive-virtual-assistant
Joana,joana,691b82a97542c69f3f77fa76,66fd75f52a0ded63ad5ec1d9,691b8a0076470b927f67e85d,false,false,Mon Nov 17 2025 20:48:00 GMT+0000 (Coordinated Universal Time),Tue Nov 25 2025 20:13:43 GMT+0000 (Coordinated Universal Time),Tue Nov 25 2025 20:22:28 GMT+0000 (Coordinated Universal Time),"Executive Virtual Assistant, Insurance Virtual Assistant",Trained Assistant,Bilingual (EN-ES),Full Time,,,,https://cdn.prod.website-files.com/66fd75f52a0ded63ad5ec1db/691d00e08c377cb123ea65c0_Joana.webp,/joana-ocean-va-profile,executive-assistant,https://youtu.be/PrZ7xZryyjQ,,,executive-virtual-assistant
Joel,joel,691b82a97542c69f3f77fa76,66fd75f52a0ded63ad5ec1d9,691b8a066363a512c63aa688,false,false,Mon Nov 17 2025 20:48:06 GMT+0000 (Coordinated Universal Time),Thu Nov 20 2025 19:09:58 GMT+0000 (Coordinated Universal Time),Thu Nov 20 2025 19:19:55 GMT+0000 (Coordinated Universal Time),Insurance Virtual Assistant,3 years,English,Full Time,,,,https://cdn.prod.website-files.com/66fd75f52a0ded63ad5ec1db/691d005dca80bfbce136af36_Joel.webp,/joel-ocean-va-profile,personal; commercial-insurance,https://youtu.be/5n99ZiMc0fs,,,insurance-virtual-assistant
Joji Marie,joji,691b82a97542c69f3f77fa76,66fd75f52a0ded63ad5ec1d9,691b8a073297968c5ed59133,false,false,Mon Nov 17 2025 20:48:07 GMT+0000 (Coordinated Universal Time),Mon Nov 24 2025 17:02:18 GMT+0000 (Coordinated Universal Time),Mon Nov 24 2025 17:39:33 GMT+0000 (Coordinated Universal Time),Insurance Virtual Assistant,4 years,English,Assigned,,,,https://cdn.prod.website-files.com/66fd75f52a0ded63ad5ec1db/691d00516209b9a51b63fe84_Joji%20Marie.webp,/joji-marie-ocean-va-profile,auto; home; commercial; health-insurance,https://youtu.be/5N_z80i4KrQ,,,insurance-virtual-assistant
Jomer,jomer-daniel,691b82a97542c69f3f77fa76,66fd75f52a0ded63ad5ec1d9,69260f15f9853a3857ad0554,false,false,Tue Nov 25 2025 20:18:29 GMT+0000 (Coordinated Universal Time),Tue Nov 25 2025 20:21:24 GMT+0000 (Coordinated Universal Time),Tue Nov 25 2025 20:22:28 GMT+0000 (Coordinated Universal Time),Executive Virtual Assistant,2 years,Bilingual (EN-ES),Full Time,,,,https://cdn.prod.website-files.com/66fd75f52a0ded63ad5ec1db/69260f15f9853a3857ad0541_6925e400804ea898e017d499_Jomer%2520Daniel.webp,/jomer-daniel-ocean-va-profile,wordpress; amazon,https://youtu.be/E5hCtCVYZCA,,,executive-virtual-assistant
Jose Luis,jose-luis,691b82a97542c69f3f77fa76,66fd75f52a0ded63ad5ec1d9,69260f22e1beb3abb6b331a0,false,false,Tue Nov 25 2025 20:18:42 GMT+0000 (Coordinated Universal Time),Tue Nov 25 2025 20:21:24 GMT+0000 (Coordinated Universal Time),Tue Nov 25 2025 20:22:28 GMT+0000 (Coordinated Universal Time),Executive Virtual Assistant,4 years,Bilingual (EN-ES),Full Time,,,,https://cdn.prod.website-files.com/66fd75f52a0ded63ad5ec1db/69260f22e1beb3abb6b3319a_6925e4003d90422fd7955013_Jose%2520Luis.webp,/jose-luis-ocean-va-profile,amazon; semrush; google-ads; meta-business-suite,https://youtu.be/d1kaFwMps4M,,,executive-virtual-assistant
Joy,joy,691b82a97542c69f3f77fa76,66fd75f52a0ded63ad5ec1d9,69260f3e3222ce039d52901f,false,false,Tue Nov 25 2025 20:19:10 GMT+0000 (Coordinated Universal Time),Tue Nov 25 2025 20:21:24 GMT+0000 (Coordinated Universal Time),Tue Nov 25 2025 20:22:28 GMT+0000 (Coordinated Universal Time),Executive Virtual Assistant,3 years,English,Full Time,,,,https://cdn.prod.website-files.com/66fd75f52a0ded63ad5ec1db/69260f3e3222ce039d529017_6925e400928724d6ef14d34a_Joy.webp,/joy-ocean-va-profile,funnel; social-media; meta-business-suite; figma,https://youtu.be/3UFjywIi89w,,,executive-virtual-assistant
Karen,karen,691b82a97542c69f3f77fa76,66fd75f52a0ded63ad5ec1d9,691b8a003f849707c9086eb4,false,false,Mon Nov 17 2025 20:48:00 GMT+0000 (Coordinated Universal Time),Thu Nov 20 2025 20:19:49 GMT+0000 (Coordinated Universal Time),Fri Nov 21 2025 17:42:50 GMT+0000 (Coordinated Universal Time),"Executive Virtual Assistant, Insurance Virtual Assistant",4 years,Bilingual (EN-ES),Full Time,,,,https://cdn.prod.website-files.com/66fd75f52a0ded63ad5ec1db/691d00d9df3b2cbf3b543e7d_Karen.webp,/karen-ocean-va-profile,home-insurance,https://youtu.be/TXb9ONnF310,,,insurance-virtual-assistant
Kathleen,kathleen,691b82a97542c69f3f77fa76,66fd75f52a0ded63ad5ec1d9,6920b20be9c2d300fb2ce2d3,false,true,Fri Nov 21 2025 18:40:11 GMT+0000 (Coordinated Universal Time),Tue Dec 09 2025 15:39:08 GMT+0000 (Coordinated Universal Time),,Mortgage Specialist,5 years,English,Full Time,,,,https://cdn.prod.website-files.com/66fd75f52a0ded63ad5ec1db/6920b1b6119a423ae8ab0351_Kathleen.webp,kathleen-ocean-va-profile,loan-processing; compliance; client-support,https://www.youtube.com/watch?v=t84q0i_wMfs,,,mortgage-specialist
Kevin,kevin,691b82a97542c69f3f77fa76,66fd75f52a0ded63ad5ec1d9,691b8a110ed00c53499d1ca7,false,false,Mon Nov 17 2025 20:48:17 GMT+0000 (Coordinated Universal Time),Wed Nov 26 2025 15:35:43 GMT+0000 (Coordinated Universal Time),Wed Nov 26 2025 15:37:10 GMT+0000 (Coordinated Universal Time),Marketing Virtual Assistant,7 years,English,Assigned,,,,https://cdn.prod.website-files.com/66fd75f52a0ded63ad5ec1db/691cff1b2589b14288bd9331_Kevin.webp,/kevin-ocean-va-profile,trained-insurance-professional; customer-service; data-management,https://youtu.be/MnlRVthsUYE,,,executive-virtual-assistant
Laurice,laurice,691b82a97542c69f3f77fa76,66fd75f52a0ded63ad5ec1d9,691b8a0759789e6de7cf80ad,false,false,Mon Nov 17 2025 20:48:07 GMT+0000 (Coordinated Universal Time),Thu Nov 20 2025 19:09:57 GMT+0000 (Coordinated Universal Time),Thu Nov 20 2025 19:19:55 GMT+0000 (Coordinated Universal Time),Insurance Virtual Assistant,1.4 years,English,Full Time,,,,https://cdn.prod.website-files.com/66fd75f52a0ded63ad5ec1db/691d0048443fad3a6b8fcadb_Laurice.webp,/laurice-ocean-va-profile,home-insurance,https://youtu.be/9cz71wjqIX8,,,insurance-virtual-assistant
Lois,lois,691b82a97542c69f3f77fa76,66fd75f52a0ded63ad5ec1d9,691b8a122c4d3609e83d3505,false,true,Mon Nov 17 2025 20:48:18 GMT+0000 (Coordinated Universal Time),Thu Nov 20 2025 20:22:41 GMT+0000 (Coordinated Universal Time),Thu Nov 20 2025 19:19:55 GMT+0000 (Coordinated Universal Time),"Insurance Virtual Assistant, Marketing Virtual Assistant",6 years,English,Assigned,,,,https://cdn.prod.website-files.com/66fd75f52a0ded63ad5ec1db/691cff10e838f0338e02bea5_Lois.webp,/lois-ocean-va-profile,personal-lines-insurance,https://youtu.be/HSCzM1jVsaE,,,insurance-virtual-assistant
Lorenz,lorenz,691b82a97542c69f3f77fa76,66fd75f52a0ded63ad5ec1d9,691b8a08e352cae9bc806861,false,false,Mon Nov 17 2025 20:48:08 GMT+0000 (Coordinated Universal Time),Thu Nov 20 2025 19:09:56 GMT+0000 (Coordinated Universal Time),Thu Nov 20 2025 19:19:55 GMT+0000 (Coordinated Universal Time),Insurance Virtual Assistant,2 years,English,Full Time,,,,https://cdn.prod.website-files.com/66fd75f52a0ded63ad5ec1db/691d00393fac1a7af7e9d239_Lorenz.webp,/lorenz-ocean-va-profile,home; auto-insurance,https://youtu.be/3if5VzuvLNc,,,insurance-virtual-assistant
Louise,louise-a-siloterio,691b82a97542c69f3f77fa76,66fd75f52a0ded63ad5ec1d9,692eef2fa123a022b383a029,false,false,Tue Dec 02 2025 13:52:47 GMT+0000 (Coordinated Universal Time),Tue Dec 02 2025 14:11:58 GMT+0000 (Coordinated Universal Time),Tue Dec 02 2025 14:15:07 GMT+0000 (Coordinated Universal Time),Mortgage Specialist,2.6 years,English,Full Time,"Louise is a skilled Virtual Assistant with strong experience in real estate administration and U.S. mortgage support, specializing in lead qualification, client intake, property eligibility review, CRM management, and documentation coordination for realtors and loan officers. With proven experience in both real estate operations and U.S. mortgage workflows, Louise brings a dual skill set that strengthens any client-facing or back-office team. She is experienced in borrower communication, document collection, income and credit review, LOS navigation, and preparing files for underwriting and closing. Her ability to manage leads, documentation, and borrower files with speed and reliability makes her a high-value asset for busy realtors and loan officers.","With proven experience in both real estate operations and U.S. mortgage workflows, Louise brings a dual skill set that strengthens any client-facing or back-office team. Her ability to manage leads, documentation, and borrower files with speed and reliability makes her a high-value asset for busy realtors and loan officers.","Real Estate Administration, Mortgage Support, Lead Qualification, Client Intake, CRM & LOS Management, Loan Processing & Documentation",https://cdn.prod.website-files.com/66fd75f52a0ded63ad5ec1db/692eef2fa123a022b383a020_692e0e83d58acc43ff964189_Louise.webp,/louise-ocean-va-profile,real-estate; mortgage-processing; loan-processing,https://youtu.be/n1-Hsi-PVaU,"Steadiness (S) - Dependable and patient, S-type VAs provide consistent support, build strong client relationships, and ensure smooth workflows.","Shows clear communication with generally understandable pronunciation and steady pacing. Uses basic vocabulary and grammar effectively, with growing confidence in expressing simple ideas and improving consistency in longer responses. Score: 70/B1 - Intermediate",mortgage-specialist; real-estate-virtual-assistant
Ma. Venus,ma-venus,691b82a97542c69f3f77fa76,66fd75f52a0ded63ad5ec1d9,691b8a0806c5b174787e6bfc,false,false,Mon Nov 17 2025 20:48:08 GMT+0000 (Coordinated Universal Time),Thu Nov 20 2025 19:09:55 GMT+0000 (Coordinated Universal Time),Thu Nov 20 2025 19:19:55 GMT+0000 (Coordinated Universal Time),Insurance Virtual Assistant,1.5 years,English,Full Time,,,,https://cdn.prod.website-files.com/66fd75f52a0ded63ad5ec1db/691d002ec8b898a2c1f16c75_Ma%20Venus.webp,/ma-venus-ocean-va-profile,auto-insurance,https://youtu.be/AgUkZKEWzkw,,,insurance-virtual-assistant
Marco,marco,691b82a97542c69f3f77fa76,66fd75f52a0ded63ad5ec1d9,69260f2f4c763b460bbb1e56,false,false,Tue Nov 25 2025 20:18:55 GMT+0000 (Coordinated Universal Time),Mon Dec 01 2025 20:06:16 GMT+0000 (Coordinated Universal Time),Mon Dec 01 2025 21:01:21 GMT+0000 (Coordinated Universal Time),Executive Virtual Assistant,3 years,Bilingual (EN-ES),Assigned,,,,https://cdn.prod.website-files.com/66fd75f52a0ded63ad5ec1db/69260f2e4c763b460bbb1e25_6925e4001a352ee4b5a3bb4f_Marco.webp,/marco-ocean-va-profile,amazon; wordpress; google-ads; javascript; asana,https://youtu.be/vORSwa7MKZk,,,executive-virtual-assistant
Maria,maria,691b82a97542c69f3f77fa76,66fd75f52a0ded63ad5ec1d9,691b8a137bbc6e74fefb276d,false,false,Mon Nov 17 2025 20:48:19 GMT+0000 (Coordinated Universal Time),Thu Dec 04 2025 17:49:28 GMT+0000 (Coordinated Universal Time),Thu Dec 04 2025 21:27:40 GMT+0000 (Coordinated Universal Time),Insurance Virtual Assistant,5 years,Bilingual (EN-ES),Full Time,,,,https://cdn.prod.website-files.com/66fd75f52a0ded63ad5ec1db/691cfeece43b9a8b849e386e_Maria.webp,/maria-ocean-va-profile,auto; home-insurance,https://youtu.be/TNXDeGsyIkM,,,insurance-virtual-assistant
Maria Christine,maria-christine,691b82a97542c69f3f77fa76,66fd75f52a0ded63ad5ec1d9,693a04858a40d12e474e353a,false,false,Wed Dec 10 2025 23:38:45 GMT+0000 (Coordinated Universal Time),Wed Dec 10 2025 23:45:54 GMT+0000 (Coordinated Universal Time),Wed Dec 10 2025 23:46:32 GMT+0000 (Coordinated Universal Time),Executive Virtual Assistant,13+ years,English,Full Time,"<p>Maria Christine is a Virtual Executive Assistant and HR Specialist with over thirteen years of experience in telecommunications, insurance, real estate coordination, and U.S. payroll operations. She specializes in multi-state payroll, tax reporting, HRIS management, and employee onboarding, ensuring accuracy, compliance, and high-quality documentation. She has supported companies up to 1,000+ employees and is highly experienced in managing workforce data, resolving discrepancies, and coordinating with U.S. state agencies.</p>","Maria is an excellent option for teams seeking strong support in HR operations, payroll management, and U.S. tax compliance. She also brings proven experience in HRIS transitions and high-volume documentation management for organizations with 300+ employees.","13+ Years of HR, Payroll & U.S. Tax Compliance Experience, HRIS Systems, Multi-State Payroll, U.S. Tax Reporting",https://cdn.prod.website-files.com/66fd75f52a0ded63ad5ec1db/693a04b73e01368092c7c97d_Maria%20Christine.webp,/maria-christine-ocean-va-profile,hr-operations; payroll-management; tax-compliance,https://youtu.be/TL1QaMuoYl4,,,executive-virtual-assistant
Maria D.,maria-d,691b82a97542c69f3f77fa76,66fd75f52a0ded63ad5ec1d9,691b8a122c4d3609e83d3517,false,false,Mon Nov 17 2025 20:48:18 GMT+0000 (Coordinated Universal Time),Thu Nov 20 2025 19:09:36 GMT+0000 (Coordinated Universal Time),Thu Nov 20 2025 19:19:55 GMT+0000 (Coordinated Universal Time),Insurance Virtual Assistant,3 years,English,Assigned,,,,https://cdn.prod.website-files.com/66fd75f52a0ded63ad5ec1db/691cfef47f270115dedf311b_Maria%20D.webp,/maria-d-ocean-va-profile,personal-lines; commercial-lines,https://youtu.be/ALQNI3jsBLs,,,insurance-virtual-assistant
Maria Paula,maria-paula,691b82a97542c69f3f77fa76,66fd75f52a0ded63ad5ec1d9,691b8a013297968c5ed58c1c,false,false,Mon Nov 17 2025 20:48:01 GMT+0000 (Coordinated Universal Time),Thu Nov 20 2025 19:10:12 GMT+0000 (Coordinated Universal Time),Thu Nov 20 2025 19:19:55 GMT+0000 (Coordinated Universal Time),Healthcare Virtual Assistant,3 years,Bilingual (EN-ES),Full Time,,,,https://cdn.prod.website-files.com/66fd75f52a0ded63ad5ec1db/691cff042589b14288bd9138_Maria%20Paula.webp,/maria-paula-ocean-va-profile,medical-admin-hipaa-compliant,https://youtu.be/yxgaoJEpdGg,,,healthcare-virtual-assistant
Maridel,maridel,691b82a97542c69f3f77fa76,66fd75f52a0ded63ad5ec1d9,69260f434c763b460bbb2a12,false,false,Tue Nov 25 2025 20:19:15 GMT+0000 (Coordinated Universal Time),Tue Nov 25 2025 20:21:24 GMT+0000 (Coordinated Universal Time),Tue Nov 25 2025 20:22:28 GMT+0000 (Coordinated Universal Time),Executive Virtual Assistant,4 years,English,Full Time,,,,https://cdn.prod.website-files.com/66fd75f52a0ded63ad5ec1db/69260f434c763b460bbb2a03_6925e4014e7c8c834ed95927_Maridel.webp,/maridel-ocean-va-profile,amazon; zendesk; quickbooks; photoshop,https://youtu.be/umEKzjx9998,,,executive-virtual-assistant
Melissa,melissa,691b82a97542c69f3f77fa76,66fd75f52a0ded63ad5ec1d9,691b8a1406c5b174787e6f7a,false,false,Mon Nov 17 2025 20:48:20 GMT+0000 (Coordinated Universal Time),Wed Nov 26 2025 17:07:17 GMT+0000 (Coordinated Universal Time),Wed Nov 26 2025 17:08:09 GMT+0000 (Coordinated Universal Time),Insurance Virtual Assistant,6 year,English,Assigned,,,,https://cdn.prod.website-files.com/66fd75f52a0ded63ad5ec1db/691cfedd8492895dbbbd9adb_Melissa.webp,/melissa-ocean-va-profile,auto; home-insurance,https://youtu.be/6dB2M8wAkjE,,,insurance-virtual-assistant
Michelle,michelle,691b82a97542c69f3f77fa76,66fd75f52a0ded63ad5ec1d9,691b8a09cb665bff98aba0ca,false,false,Mon Nov 17 2025 20:48:09 GMT+0000 (Coordinated Universal Time),Mon Nov 24 2025 14:44:34 GMT+0000 (Coordinated Universal Time),Mon Nov 24 2025 16:59:25 GMT+0000 (Coordinated Universal Time),Insurance Virtual Assistant,1 year,English,Full Time,,,,https://cdn.prod.website-files.com/66fd75f52a0ded63ad5ec1db/691d0023730ca9bf6a78b8c1_Michelle.webp,/michelle-ocean-va-profile,home; auto-insurance,https://youtu.be/sjVqZfkunbY,,,insurance-virtual-assistant
Mina,mina,691b82a97542c69f3f77fa76,66fd75f52a0ded63ad5ec1d9,691cc053ad37be937376f569,false,false,Tue Nov 18 2025 18:52:03 GMT+0000 (Coordinated Universal Time),Thu Dec 04 2025 20:18:01 GMT+0000 (Coordinated Universal Time),Thu Dec 04 2025 21:27:40 GMT+0000 (Coordinated Universal Time),Insurance Virtual Assistant,3 years,English,Full Time,,,,https://cdn.prod.website-files.com/66fd75f52a0ded63ad5ec1db/691cfe0de899f20ad4830185_Mina.webp,/mina-ocean-va-profile,commercial-insurance; general-liability; motor-truck-cargo,https://youtu.be/k4jmdy8ifrE,,,insurance-virtual-assistant
Moises,moises,691b82a97542c69f3f77fa76,66fd75f52a0ded63ad5ec1d9,691b8a014c78138967234375,false,false,Mon Nov 17 2025 20:48:01 GMT+0000 (Coordinated Universal Time),Thu Nov 20 2025 19:10:11 GMT+0000 (Coordinated Universal Time),Thu Nov 20 2025 19:19:55 GMT+0000 (Coordinated Universal Time),Insurance Virtual Assistant,2 years,Bilingual (EN-ES),Full Time,,,,https://cdn.prod.website-files.com/66fd75f52a0ded63ad5ec1db/691d00ce958587e60facce5c_Moises.webp,/moises-ocean-va-profile,us-commercial-trucking-insurance,https://youtu.be/tbz0iRIWaps,,,insurance-virtual-assistant
Patricia,patricia,691b82a97542c69f3f77fa76,66fd75f52a0ded63ad5ec1d9,691b8a146363a512c63aaf87,false,false,Mon Nov 17 2025 20:48:20 GMT+0000 (Coordinated Universal Time),Wed Dec 03 2025 20:57:52 GMT+0000 (Coordinated Universal Time),Thu Dec 04 2025 16:48:10 GMT+0000 (Coordinated Universal Time),Insurance Virtual Assistant,5 years,English,Assigned,,,,https://cdn.prod.website-files.com/66fd75f52a0ded63ad5ec1db/6930a44d6e296c00f18351c4_Patricia.webp,/patricia-ocean-va-profile,us-personal; commercial-insurance,,,,insurance-virtual-assistant
Patricia Nicole,patricia-nicole,691b82a97542c69f3f77fa76,66fd75f52a0ded63ad5ec1d9,693b8909dc5555f230e74a92,false,false,Fri Dec 12 2025 03:16:25 GMT+0000 (Coordinated Universal Time),Fri Dec 12 2025 03:26:55 GMT+0000 (Coordinated Universal Time),Fri Dec 12 2025 03:26:55 GMT+0000 (Coordinated Universal Time),Mortgage Specialist,4 Years,English,Available,"Pat is a mortgage operations specialist with four years of hands-on experience supporting lenders in loan processing, title review, and escrow analysis. She manages full loan documentation workflows, verifies borrower income and employment, reviews property and title records, and ensures all requirements meet lender guidelines and compliance standards. Pat is experienced in coordinating with borrowers, loan officers, title companies, law offices, and closing agents to maintain smooth loan progress and resolve documentation discrepancies.","Pat offers a detail-driven, compliance-focused approach to mortgage processing, ensuring accuracy, timely communication, and a consistent borrower experience. Her ability to manage full loan files while coordinating with all third parties makes her a strong asset for any mortgage operations team.","4yrs of Mortgage Processing Experience, Mortgage Processor, Escrow & Title Review, Encompass & AUS Experience",https://cdn.prod.website-files.com/66fd75f52a0ded63ad5ec1db/693b8adc53c9612d4be1b65c_Patricia%20Nicole.webp,/patricia-nicole-ocean-va-profile,mortgage-processing; mortgage-operations; loan-processing; loan-underwriting,https://www.youtube.com/watch?v=FyWn81O0_Cw,"Steadiness (S) – Dependable and patient, S-type VAs provide consistent support, build strong client relationships, and ensure smooth workflows. Conscientiousness (C) – Detail-oriented and organized, C-type VAs ensure accuracy, maintain structured systems, and deliver high-quality work.","Demonstrates clear communication with understandable pronunciation and a steady speaking flow. Uses practical vocabulary and basic grammar confidently, expressing ideas with improving accuracy and ease.",mortgage-specialist
Patricio,patricio,691b82a97542c69f3f77fa76,66fd75f52a0ded63ad5ec1d9,69260f31cddc3e1ce0db7f41,false,false,Tue Nov 25 2025 20:18:57 GMT+0000 (Coordinated Universal Time),Tue Nov 25 2025 20:21:24 GMT+0000 (Coordinated Universal Time),Tue Nov 25 2025 20:22:28 GMT+0000 (Coordinated Universal Time),Executive Virtual Assistant,5 years,Bilingual (EN-ES),Full Time,,,,https://cdn.prod.website-files.com/66fd75f52a0ded63ad5ec1db/69260f31cddc3e1ce0db7f3b_6925f858c8a331263df8b3dd_Patricio.webp,/patricio-ocean-va-profile,amazon; wordpress; google-ads; meta-business-suite,https://youtu.be/U7bLbb9XqoQ,,,executive-virtual-assistant
Pavel,pavel,691b82a97542c69f3f77fa76,66fd75f52a0ded63ad5ec1d9,691b8a0b59789e6de7cf8158,false,false,Mon Nov 17 2025 20:48:11 GMT+0000 (Coordinated Universal Time),Tue Nov 25 2025 20:48:09 GMT+0000 (Coordinated Universal Time),Tue Nov 25 2025 20:48:29 GMT+0000 (Coordinated Universal Time),"Insurance Virtual Assistant, Marketing Virtual Assistant",6 years,English,Part Time,,,,https://cdn.prod.website-files.com/66fd75f52a0ded63ad5ec1db/691cffc61b4b6cd5335a8d61_Pavel.webp,/pavel-ocean-va-profile,marketing; graphic-design,https://youtu.be/_reMSeE_gyY,,,marketing-virtual-assistant; executive-virtual-assistant
Rafael,rafael,691b82a97542c69f3f77fa76,66fd75f52a0ded63ad5ec1d9,691b8a153f849707c908757e,false,false,Mon Nov 17 2025 20:48:21 GMT+0000 (Coordinated Universal Time),Thu Nov 20 2025 19:09:33 GMT+0000 (Coordinated Universal Time),Thu Nov 20 2025 19:19:55 GMT+0000 (Coordinated Universal Time),Insurance Virtual Assistant,6 years,English,Assigned,,,,https://cdn.prod.website-files.com/66fd75f52a0ded63ad5ec1db/691cfec785ed2c3e7044c906_Rafael.webp,/rafael-ocean-va-profile,personal; healthcare-insurance,https://youtu.be/S19B0sRiohI,,,insurance-virtual-assistant
Rainier,rainier,691b82a97542c69f3f77fa76,66fd75f52a0ded63ad5ec1d9,691b8a15cb665bff98aba813,false,false,Mon Nov 17 2025 20:48:21 GMT+0000 (Coordinated Universal Time),Thu Nov 20 2025 19:09:32 GMT+0000 (Coordinated Universal Time),Thu Nov 20 2025 19:19:55 GMT+0000 (Coordinated Universal Time),Insurance Virtual Assistant,7 years,English,Assigned,,,,https://cdn.prod.website-files.com/66fd75f52a0ded63ad5ec1db/691cfeb97b578996d025e05a_Rainier.webp,/rainier-ocean-va-profile,personal; commercial-insurance,https://youtu.be/Gl_Rijv44Ec,,,insurance-virtual-assistant
Randean,randean,691b82a97542c69f3f77fa76,66fd75f52a0ded63ad5ec1d9,69260f4526ed9b6ba9f325d2,false,false,Tue Nov 25 2025 20:19:17 GMT+0000 (Coordinated Universal Time),Tue Nov 25 2025 20:21:24 GMT+0000 (Coordinated Universal Time),Tue Nov 25 2025 20:22:28 GMT+0000 (Coordinated Universal Time),Executive Virtual Assistant,3 years,English,Full Time,,,,https://cdn.prod.website-files.com/66fd75f52a0ded63ad5ec1db/69260f4426ed9b6ba9f325c5_6925e4015b94b1a24f71aa17_Randean.webp,/randean-ocean-va-profile,asana; salesforce; ring-central,https://youtu.be/fCALjhTtCnw,,,executive-virtual-assistant
Raydon,raydon,691b82a97542c69f3f77fa76,66fd75f52a0ded63ad5ec1d9,691b8a0a6363a512c63aa8f3,false,false,Mon Nov 17 2025 20:48:10 GMT+0000 (Coordinated Universal Time),Thu Nov 20 2025 19:09:53 GMT+0000 (Coordinated Universal Time),Thu Nov 20 2025 19:19:55 GMT+0000 (Coordinated Universal Time),Insurance Virtual Assistant,4 years,English,Full Time,,,,https://cdn.prod.website-files.com/66fd75f52a0ded63ad5ec1db/691d001a8dedcb64b9ea416e_Raydon.webp,/raydon-ocean-va-profile,personal; property-lines,https://youtu.be/2OIkxzcz-pw,,,insurance-virtual-assistant
Rejean,rejean,691b82a97542c69f3f77fa76,66fd75f52a0ded63ad5ec1d9,691b8a15f0e2ab9fb3ed29ca,false,false,Mon Nov 17 2025 20:48:21 GMT+0000 (Coordinated Universal Time),Thu Nov 20 2025 19:09:31 GMT+0000 (Coordinated Universal Time),Thu Nov 20 2025 19:19:55 GMT+0000 (Coordinated Universal Time),Insurance Virtual Assistant,2 years,English,Assigned,,,,https://cdn.prod.website-files.com/66fd75f52a0ded63ad5ec1db/691cfeaec5d9fc232fd9a9a5_Rejean.webp,/rejean-ocean-va-profile,commercial; auto-insurance,https://youtu.be/yeJ_lskQovU,,,insurance-virtual-assistant
Rochelle,rochelle,691b82a97542c69f3f77fa76,66fd75f52a0ded63ad5ec1d9,691b8a1673a372902012f13c,false,false,Mon Nov 17 2025 20:48:22 GMT+0000 (Coordinated Universal Time),Thu Nov 20 2025 19:09:31 GMT+0000 (Coordinated Universal Time),Thu Nov 20 2025 19:19:55 GMT+0000 (Coordinated Universal Time),Insurance Virtual Assistant,4 years,English,Assigned,,,,https://cdn.prod.website-files.com/66fd75f52a0ded63ad5ec1db/691cfea4bcf393e2a2acb424_Rochelle.webp,/rochelle-ocean-va-profile,personal; commercial-insurance,https://youtu.be/aCJyNu79nto,,,insurance-virtual-assistant
Rona Mae,rona,691b82a97542c69f3f77fa76,66fd75f52a0ded63ad5ec1d9,691b8a0ae00a0398d8a56c88,false,false,Mon Nov 17 2025 20:48:10 GMT+0000 (Coordinated Universal Time),Thu Nov 20 2025 19:09:52 GMT+0000 (Coordinated Universal Time),Thu Nov 20 2025 19:19:55 GMT+0000 (Coordinated Universal Time),Insurance Virtual Assistant,2 years,English,Full Time,,,,https://cdn.prod.website-files.com/66fd75f52a0ded63ad5ec1db/691cfffa3d5f85626f6ebdd3_Rona%20Mae.webp,/rona-mae-ocean-va-profile,personal-lines-insurance,https://youtu.be/eHrDpnlAeoc,,,insurance-virtual-assistant
Samantha,samantha,691b82a97542c69f3f77fa76,66fd75f52a0ded63ad5ec1d9,69260f358de0559aaf9efb67,false,false,Tue Nov 25 2025 20:19:01 GMT+0000 (Coordinated Universal Time),Tue Nov 25 2025 20:21:24 GMT+0000 (Coordinated Universal Time),Tue Nov 25 2025 20:22:28 GMT+0000 (Coordinated Universal Time),Executive Virtual Assistant,3 years,Bilingual (EN-ES),Full Time,,,,https://cdn.prod.website-files.com/66fd75f52a0ded63ad5ec1db/69260f358de0559aaf9efb5e_6925e4010636a15e21ea43b1_Samantha.webp,/samantha-ocean-va-profile,wordpress; asana; semrush; meta-business-suite,https://youtu.be/8wbHfjJ0ZCM,,,executive-virtual-assistant
Sandra,sandra,691b82a97542c69f3f77fa76,66fd75f52a0ded63ad5ec1d9,691b8a1676470b927f67f195,false,false,Mon Nov 17 2025 20:48:22 GMT+0000 (Coordinated Universal Time),Thu Nov 20 2025 19:09:30 GMT+0000 (Coordinated Universal Time),Thu Nov 20 2025 19:19:55 GMT+0000 (Coordinated Universal Time),Insurance Virtual Assistant,2 years,English,Assigned,,,,https://cdn.prod.website-files.com/66fd75f52a0ded63ad5ec1db/691cfe990a1f1f32af44205e_Sandra.webp,/sandra-ocean-va-profile,personal-lines-insurance,https://youtu.be/xrNMiTNBkcg,,,insurance-virtual-assistant
Tricia,tricia,691b82a97542c69f3f77fa76,66fd75f52a0ded63ad5ec1d9,691b8a173297968c5ed5977a,false,false,Mon Nov 17 2025 20:48:23 GMT+0000 (Coordinated Universal Time),Tue Dec 09 2025 15:36:43 GMT+0000 (Coordinated Universal Time),Tue Dec 09 2025 15:47:02 GMT+0000 (Coordinated Universal Time),Insurance Virtual Assistant,2 years,English,Assigned,,,,https://cdn.prod.website-files.com/66fd75f52a0ded63ad5ec1db/691cfe74dec603ce415a991a_Tricia.webp,/tricia-ocean-va-profile,home-insurance; auto-insurance,https://youtu.be/VClb24kDU7s,,,insurance-virtual-assistant
Ximena,ximena-4e77d,691b82a97542c69f3f77fa76,66fd75f52a0ded63ad5ec1d9,69260e2c1cb676355a677486,false,false,Tue Nov 25 2025 20:14:36 GMT+0000 (Coordinated Universal Time),Tue Nov 25 2025 20:21:24 GMT+0000 (Coordinated Universal Time),Tue Nov 25 2025 20:22:28 GMT+0000 (Coordinated Universal Time),Executive Virtual Assistant,3 years,English,Full Time,,,,https://cdn.prod.website-files.com/66fd75f52a0ded63ad5ec1db/69260e2c1cb676355a677480_6925e4013a172c1563abbd18_Ximena.webp,/ximena-ocean-va-profile,meta-ads; salesforce; client-support,https://youtu.be/2CCpjQR5eO4,,,executive-virtual-assistant
Ximena G.,ximena,691b82a97542c69f3f77fa76,66fd75f52a0ded63ad5ec1d9,691b8a166363a512c63ab178,false,false,Mon Nov 17 2025 20:48:22 GMT+0000 (Coordinated Universal Time),Thu Nov 20 2025 19:09:29 GMT+0000 (Coordinated Universal Time),Thu Nov 20 2025 19:19:55 GMT+0000 (Coordinated Universal Time),Insurance Virtual Assistant,2 years,English,Assigned,,,,https://cdn.prod.website-files.com/66fd75f52a0ded63ad5ec1db/691cfe860729d9225e264d40_Ximena%20G.webp,/ximena-g-ocean-va-profile,home; auto-insurance,https://youtu.be/UQ2JcPPjEnE,,,insurance-virtual-assistant
Yvette,yvette,691b82a97542c69f3f77fa76,66fd75f52a0ded63ad5ec1d9,691cc0517c622857f4bb8f27,false,false,Tue Nov 18 2025 18:52:01 GMT+0000 (Coordinated Universal Time),Thu Nov 20 2025 19:09:27 GMT+0000 (Coordinated Universal Time),Thu Nov 20 2025 19:19:55 GMT+0000 (Coordinated Universal Time),Mortgage Specialist,12 years,English,Full Time,,,,https://cdn.prod.website-files.com/66fd75f52a0ded63ad5ec1db/691cfe5ab2510d6c7f108637_Yvette.webp,/yvette-ocean-va-profile,loan-processing; mortgage-processing; compliance-review,https://youtu.be/oiZlHPfAjbg,,,mortgage-specialist
